{
  "obstacles": {"coords": [
    [],
    [],
    []
  ]},
  "destinations": {"coords": [
    [],
    [],
    []
  ]},
  "params": {
    "scaling": "linear",
    "arange": 1000,
    "kr": [
      [
        50.0,
        50.0
      ],
      [
        50.0,
        20.0
      ]
    ],
    "speed": 0.05,
    "gain": 0.0008,
    "rgf": true,
    "rb": [
      [
        2.0,
        2.0
      ],
      [
        2.5,
        1.0
      ]
    ],
    "exp_rate": null,
    "stability_factor": 0.0,
    "ka": [
      1.0,
      -1.0
    ],
    "kc": [
      [
        1.0,
        1.0
      ],
      [
        1.0,
        25.0
      ]
    ],
    "kd": [
      0.0,
      0.0
    ],
    "kg": 150.0,
    "cb": 3.0
  },
  "agents": {"coords": [
    [
      0.6909847259521484,
      -2.164967358112335,
      -1.6654565930366516,
      0.8676213026046753,
      1.3223811984062195,
      0.7544234395027161,
      0.25961190462112427,
      -0.6907644867897034,
      1.7086675763130188,
      -1.3444402813911438,
      -2.2253671288490295,
      2.1720749139785767,
      -1.5511563420295715,
      0.1104232668876648,
      0.8370682597160339,
      -0.9626564383506775,
      -2.081144154071808,
      0.7456889748573303,
      2.0487838983535767,
      -0.2770012617111206,
      1.9861257076263428,
      -2.221791446208954,
      1.5290838479995728,
      1.2324202060699463,
      -0.9803414344787598,
      2.263328433036804,
      1.4963927865028381,
      -1.7507293820381165,
      0.5099055171012878,
      1.341659426689148,
      1.7199307680130005,
      2.1668043732643127,
      1.9865840673446655,
      -0.45762985944747925,
      0.611129105091095,
      0.021706223487854004,
      -0.4845696687698364,
      -2.0577067136764526,
      2.0516780018806458,
      1.5531393885612488,
      -0.13361483812332153,
      -2.3099127411842346,
      0.10099858045578003,
      -0.07299840450286865,
      -1.5240198373794556,
      0.08341670036315918,
      2.4905776977539062,
      -0.5465063452720642,
      -0.4242730140686035,
      -0.9654352068901062,
      -0.7039934396743774,
      1.8829241394996643,
      2.3260730504989624,
      -1.623888909816742,
      0.3797110915184021,
      1.5902701020240784,
      0.4820185899734497,
      1.0432633757591248,
      -0.8817452192306519,
      -0.8466556668281555,
      1.0217604041099548,
      -0.2768540382385254,
      0.5677521228790283,
      2.492508292198181,
      -0.7062458992004395,
      -0.9161937236785889,
      -0.42067497968673706,
      -0.1282966136932373,
      -0.4196479916572571,
      -1.8130862712860107,
      -1.5463203191757202,
      -0.33883482217788696,
      0.5377095937728882,
      -1.851915419101715,
      -0.48021286725997925,
      -2.16849148273468,
      -0.24808406829833984,
      -0.46252161264419556,
      0.5372923612594604,
      0.686974823474884,
      0.6503325700759888,
      1.4107728004455566,
      0.055678486824035645,
      2.3524516820907593,
      -1.7751023173332214,
      -0.773167610168457,
      0.8153635263442993,
      -0.9955257177352905,
      2.4606749415397644,
      2.2433513402938843,
      1.946796476840973,
      -0.2192559838294983,
      0.018201470375061035,
      2.2854572534561157,
      0.11328250169754028,
      -2.2842055559158325,
      0.5922096967697144,
      0.054727792739868164,
      0.8516484498977661,
      -2.0677387714385986,
      -0.5379226803779602,
      2.3872792720794678,
      -0.8079752326011658,
      -0.3321915864944458,
      2.0608747005462646,
      -0.9204497933387756,
      -1.8160954117774963,
      -1.462908387184143,
      -0.07984071969985962,
      1.079113483428955,
      0.22029757499694824,
      0.7162287831306458,
      0.09668886661529541,
      -2.0146924257278442,
      -0.9648057818412781,
      1.494082510471344,
      2.1549946069717407,
      1.9206950068473816,
      -0.04830092191696167,
      1.860249638557434,
      -2.033715546131134,
      1.919311285018921,
      2.3790937662124634,
      -1.5060222148895264,
      -0.010585486888885498,
      -1.9686168432235718,
      1.6967421770095825,
      -0.3186705708503723,
      -1.6763025522232056,
      2.366649806499481,
      -2.4788573384284973,
      2.3197397589683533,
      0.6660813093185425,
      0.28963983058929443,
      1.929580569267273,
      -1.730298399925232,
      2.366762161254883,
      -1.0597893595695496,
      -0.49025803804397583,
      1.8826520442962646,
      1.057564616203308,
      2.1813705563545227,
      1.1192834377288818,
      -0.42778581380844116,
      1.8264508247375488,
      0.9738665819168091,
      -0.027232766151428223,
      1.8027913570404053,
      -0.3707164525985718,
      1.043226420879364,
      2.1255025267601013,
      -2.1549129486083984,
      0.5665063858032227,
      0.539914071559906,
      -1.4052504301071167,
      -0.9075301885604858,
      -2.1923375129699707,
      -0.8030450344085693,
      -1.751624345779419,
      -2.3548170924186707,
      1.3207074999809265,
      2.2618627548217773,
      -0.8005371689796448,
      -1.748766303062439,
      -1.8441575765609741,
      2.220899760723114,
      1.7725086212158203,
      -1.456613838672638,
      1.8451118469238281,
      -0.9563323855400085,
      -1.847238540649414,
      -0.16898185014724731,
      0.5092930793762207,
      0.35473912954330444,
      -2.4051183462142944,
      -1.5063193440437317,
      -1.487378478050232,
      1.5864962339401245,
      1.5505152940750122,
      1.2800487875938416,
      0.9736675024032593,
      -2.216442823410034,
      0.27652114629745483,
      1.5415224432945251,
      -0.872785747051239,
      -1.6858705878257751,
      1.4064815640449524,
      -2.3759156465530396,
      2.437244951725006,
      -1.702655553817749,
      1.6077852249145508,
      -0.6948980689048767,
      0.4851841926574707,
      1.0780826210975647,
      -0.19503802061080933,
      -1.7064043879508972,
      -0.9996956586837769,
      -0.4279842972755432,
      -0.4728993773460388,
      -0.5869132280349731,
      -0.039266347885131836,
      0.7635471224784851,
      -1.2669175863265991,
      0.1554703712463379,
      0.4737734794616699,
      2.068047821521759,
      -2.0170000195503235,
      -2.167558968067169,
      -0.8567360043525696,
      0.6672433018684387,
      2.057547867298126,
      0.5578452348709106,
      1.849495768547058,
      2.2928202152252197,
      1.0793006420135498,
      0.7699120044708252,
      1.3037064671516418,
      -0.7317230105400085,
      -0.13929307460784912,
      -2.053351104259491,
      1.3944599032402039,
      -1.0772374272346497,
      -1.4067310094833374,
      0.5807837843894958,
      -1.7827633023262024,
      -2.236901819705963,
      -0.8992236852645874,
      1.36245995759964,
      -0.2286633849143982,
      -0.968603789806366,
      -1.2933847308158875,
      -1.1315155029296875,
      0.6197169423103333,
      1.48564875125885,
      -1.6889336705207825,
      -1.1237356066703796,
      1.337662935256958,
      0.4193642735481262,
      -2.4608397483825684,
      -1.2913545966148376,
      0.32521188259124756,
      -1.9161993265151978,
      -2.1969491243362427,
      -1.2272849678993225,
      -2.4739766120910645,
      -0.2074521780014038,
      -1.1749792098999023,
      1.6812050342559814,
      0.7819172739982605,
      -0.9268274903297424
    ],
    [
      -0.06604760885238647,
      -2.085573375225067,
      2.3116353154182434,
      1.8766593933105469,
      2.323320508003235,
      -2.440253794193268,
      -2.0692333579063416,
      1.9220438599586487,
      -2.1487390995025635,
      1.186753511428833,
      1.7760032415390015,
      -0.39078623056411743,
      0.8022952079772949,
      -1.1943840980529785,
      1.0867008566856384,
      -0.7425564527511597,
      0.3350690007209778,
      -2.1684324741363525,
      -1.9563454389572144,
      0.26210635900497437,
      -1.6191291809082031,
      1.6938966512680054,
      -0.7143843173980713,
